Temperature,Speed,Data
66.97738512145662,29.787521191877715,-2.138741963624756
