Temperature,Speed,Data
94.31148742167167,39.3018542644855,-0.864288815843146
