Temperature,Speed,Data
82.08526663980203,44.157636402864206,-3.2433991138165186
