Temperature,Speed,Data
95.33664420214609,45.921565531024356,-0.5986277312463743
