Temperature,Speed,Data
98.87865192512385,44.17717408069411,0.2719467124974826
