Temperature,Speed,Data
67.46295749930053,30.760581127829536,-2.23457052077328
