Temperature,Speed,Data
42.07500640448859,49.99762962424595,-1.3809712538986612
