Temperature,Speed,Data
35.612597938604274,40.38946803406051,-0.4037938583042396
