Temperature,Speed,Data
84.18742583423546,43.43321577795612,-3.2147490556185234
