Temperature,Speed,Data
68.96823635567866,28.72005721962901,-1.9479413434330697
