Temperature,Speed,Data
67.1077566089364,32.71782375381166,-2.1363652764931387
