Temperature,Speed,Data
84.73151644404295,38.749999720809996,-2.723947096122043
