Temperature,Speed,Data
74.23294228349722,39.755503532229476,-0.9546882575735062
