Temperature,Speed,Data
69.16477097124039,38.1998341792109,0.70763021933467
