Temperature,Speed,Data
86.87112132089828,41.98218774587928,-3.1136056712679268
