Temperature,Speed,Data
81.17302516312097,38.819253754326745,-2.605773244793924
