Temperature,Speed,Data
83.78079745636516,45.57855339185922,-3.247783794517158
