Temperature,Speed,Data
62.5000001078253,28.475195936097176,-1.8462712831210577
