Temperature,Speed,Data
97.92162124107355,45.26083905529504,0.129443581580523
