Temperature,Speed,Data
85.77879190875319,50.0,-2.3921061134692523
