Temperature,Speed,Data
79.92990187960626,47.54082539126583,-2.822740284353478
