Temperature,Speed,Data
29.49024890032316,49.994379991093226,0.49637250093227103
