Temperature,Speed,Data
39.808733939489436,5.000307626995312,0.0986464543085884
