Temperature,Speed,Data
39.17681434869619,49.99723352845502,-0.9049976348318446
