Temperature,Speed,Data
98.24040238351606,38.91419010950433,0.09237834028978273
