Temperature,Speed,Data
67.46000533424058,31.67093899368832,-2.207820160613727
