Temperature,Speed,Data
66.0333437831089,30.568394753106418,-1.8557848239384263
