Temperature,Speed,Data
100.0,35.525398247758694,-0.8726197331062738
