Temperature,Speed,Data
63.26161623737182,50.0,1.4545928425381383
