Temperature,Speed,Data
67.33765431512049,30.361638003328366,-2.2374735356413638
