Temperature,Speed,Data
100.0,27.577684309772028,-0.9862231823581666
