Temperature,Speed,Data
69.58420627414897,31.53932410304626,-1.889280475416835
