Temperature,Speed,Data
68.13006180437446,30.797918573754032,-2.1843129522411604
