Temperature,Speed,Data
50.35639962374615,5.0,-0.23640802860475735
