Temperature,Speed,Data
62.50000008283458,28.056889057354052,-1.765317400694441
