Temperature,Speed,Data
62.19792286358548,30.938991826220043,-1.8574386477749723
