Temperature,Speed,Data
66.60682480764149,31.134616779120055,-2.130227248650613
